emotion_intensity,emotion_frequency
0.7963928345904716,61
0.9035823318411826,14
0.6968976118520191,18
0.9587954794128162,13
0.8655822477120274,82
0.8581691607308422,89
0.7389024383381889,42
0.8458654346688848,62
0.5815056770194521,96
0.9913573854974262,76
